{
  "project_info": {
    "project_number": "503196066200",
    "firebase_url": "https://esolusindosecurity-default-rtdb.firebaseio.com",
    "project_id": "esolusindosecurity",
    "storage_bucket": "esolusindosecurity.appspot.com"
  },
  "client": [
    {
      "client_info": {
        "mobilesdk_app_id": "1:503196066200:android:97ddc2d9798c286a648bed",
        "android_client_info": {
          "package_name": "com.example.securityapp"
        }
      },
      "oauth_client": [],
      "api_key": [
        {
          "current_key": "AIzaSyBEErAozZWn2zCbpnhODxTPV_EIO9aojbU"
        }
      ],
      "services": {
        "appinvite_service": {
          "other_platform_oauth_client": []
        }
      }
    }
  ],
  "configuration_version": "1"
}